N,data_type,method,h2d_ms,compute_ms,d2h_ms,setup_ms,required_total_ms,launch_overhead_us,compute_gops,end_to_end_gops,actual_sparsity_a
64,double,cpu_blocked_mt,0.0,0.274223,0.0,0.0,0.274223,0.0,1.91190381551,1.91190381551,0.0
64,double,cpu_naive,0.0,0.2337344,0.0,0.0,0.2337344,0.0,2.24309301498,2.24309301498,0.0
64,double,cublas_dgemm,0.016659199819,0.140160000324,0.0135871998966,20.349611,0.179833599925,6.7164,3.74063926075,2.91540624343,0.0
64,double,cuda_naive,0.0192639997229,0.0178880000487,0.00605440000072,1.182659,0.0528896003962,3.5776,29.3094811367,9.91287504676,0.0
64,double,cuda_tiled_shared,0.0151487998664,0.0212607998401,0.0126207999885,0.799508,0.0589887991548,2.9306,24.6598436533,8.88792461471,0.0
64,double,cusparse_spmm_fp64,0.0200576003641,0.0273664001375,0.00727679999545,6.867658,0.0644864007831,8.3602,19.1580915782,8.13021030223,0.0
128,double,cpu_blocked_mt,0.0,0.9653108,0.0,0.0,0.9653108,0.0,4.34502960083,4.34502960083,0.0
128,double,cpu_naive,0.0,2.3526998,0.0,0.0,2.3526998,0.0,1.78276208465,1.78276208465,0.0
128,double,cublas_dgemm,0.0300223995,0.14561920166,0.0155456000939,19.443104,0.200851199031,14.3746,28.8032344099,20.8826435702,0.0
128,double,cuda_naive,0.0336895998567,0.0419647991657,0.0146496001631,1.099395,0.0998399987817,2.6918,99.9481490055,42.0102569229,0.0
128,double,cuda_tiled_shared,0.0335487995297,0.0423104003072,0.0147968001664,0.826459,0.100076802075,3.0196,99.1317493937,41.9108515964,0.0
128,double,cusparse_spmm_fp64,0.039552000165,0.0542912006378,0.0201472003013,7.202858,0.123577599227,8.0886,77.2556869387,33.9406496503,0.0
256,double,cpu_blocked_mt,0.0,6.4595706,0.0,0.0,6.4595706,0.0,5.19452980358,5.19452980358,0.0
256,double,cpu_naive,0.0,21.0611322,0.0,0.0,21.0611322,0.0,1.59319222164,1.59319222164,0.0
256,double,cublas_dgemm,0.0953343987465,0.276217597723,0.0465215995908,19.406778,0.427686399221,13.2462,121.478255827,78.4556910416,0.0
256,double,cuda_naive,0.0929279997945,0.230847999454,0.0492415994406,1.237522,0.382617598772,3.4596,145.352925212,87.6970429685,0.0
256,double,cuda_tiled_shared,0.0933568000793,0.230399996042,0.0488384000957,0.935567,0.382419198751,3.9804,145.635558057,87.74254041,0.0
256,double,cusparse_spmm_fp64,0.11938560009,0.257139194012,0.043590400368,7.264511,0.429465597868,8.9578,130.491316693,78.1306632396,0.0
512,double,cpu_blocked_mt,0.0,50.6668752,0.0,0.0,50.6668752,0.0,5.29804640488,5.29804640488,0.0
512,double,cpu_naive,0.0,435.8757104,0.0,0.0,435.8757104,0.0,0.615853211352,0.615853211352,0.0
512,double,cublas_dgemm,0.361721599102,3.68789763451,0.167257595062,21.144342,4.22712955475,21.5316,72.7882068874,63.503011328,0.0
512,double,cuda_naive,0.355359995365,3.02541437149,0.166047999263,3.699666,3.55736956596,4.3394,88.7268397115,75.458973554,0.0
512,double,cuda_tiled_shared,0.361708790064,3.0100672245,0.168972802162,3.936853,3.55142397881,10.2126,89.179222914,75.5853025721,0.0
512,double,cusparse_spmm_fp64,0.440774393082,3.44900484085,0.167187201977,12.254154,4.06734075546,10.1864,77.8298287148,65.997778927,0.0
768,double,cpu_blocked_mt,0.0,169.6220274,0.0,0.0,169.6220274,0.0,5.34110856878,5.34110856878,0.0
768,double,cpu_naive,0.0,1468.87345,0.0,0.0,1468.87345,0.0,0.616778568637,0.616778568637,0.0
768,double,cublas_dgemm,0.787942397594,7.95950727463,0.367980796099,24.981761,9.12557449341,21.5214,113.822330044,99.2780963713,0.0
768,double,cuda_naive,0.787801599503,10.0779073715,0.370438396931,7.767271,11.2464509964,12.3608,89.8966055751,80.5560495742,0.0
768,double,cuda_tiled_shared,0.782207989693,7.77435522079,0.367680001259,6.838517,8.93488006592,4.435,116.53309352,101.396958584,0.0
768,double,cusparse_spmm_fp64,0.983206403255,5.82109441757,0.367392003536,24.60106,7.18134412766,15.396,155.635624336,126.156001982,0.0
1024,double,cpu_blocked_mt,0.0,420.3123034,0.0,0.0,420.3123034,0.0,5.10925716575,5.10925716575,0.0
1024,double,cublas_dgemm,1.38299520016,13.9088830948,0.645555198193,28.773521,15.9466749191,16.112,154.396556026,134.666547032,0.0
1024,double,cuda_naive,1.37856001854,21.6710336685,0.648396801949,14.19264,23.7080768585,7.9012,99.09465699,90.5802550251,0.0
1024,double,cuda_tiled_shared,1.37292797565,12.1666173935,0.644646394253,13.177446,14.1933439255,4.8112,176.506220139,151.302163836,0.0
1024,double,cusparse_spmm_fp64,1.73215358257,11.030783844,0.647801589966,31.73743,13.419852829,16.195,194.680965412,160.022891113,0.0
64,float,cpu_blocked_mt,0.0,0.1519116,0.0,0.0,0.1519116,0.0,3.45127034407,3.45127034407,0.0
64,float,cpu_naive,0.0,0.2266926,0.0,0.0,0.2266926,0.0,2.31277068594,2.31277068594,0.0
64,float,cublas_sgemm,0.00995840001851,0.00951680010185,0.00824959995225,18.108955,0.0363328002393,8.9054,55.0907862295,14.4301566779,0.0
64,float,cuda_naive,0.00981120020151,0.00760960001498,0.00445440001786,1.127389,0.0301695998758,2.5864,68.8982336743,17.378022982,0.0
64,float,cuda_tiled_shared,0.0108672000468,0.00930560017005,0.00469119986519,0.782968,0.0332224007696,3.7814,56.3411268934,15.7811593339,0.0
64,float,cusparse_spmm_fp32,0.0148607999086,0.0199616003782,0.00472959997132,6.120649,0.0477824002504,8.5276,26.2648279731,10.9724081932,0.0
128,float,cpu_blocked_mt,0.0,0.5565578,0.0,0.0,0.5565578,0.0,7.53615168092,7.53615168092,0.0
128,float,cpu_naive,0.0,2.3643136,0.0,0.0,2.3643136,0.0,1.77400493742,1.77400493742,0.0
128,float,cublas_sgemm,0.0262975998223,0.0112255999818,0.0136447999626,18.296981,0.0595392003655,10.433,373.637400832,70.4460922258,0.0
128,float,cuda_naive,0.0210559997708,0.0167487999424,0.0103551996872,1.09867,0.0566784001887,4.3444,250.424150651,74.0018064384,0.0
128,float,cuda_tiled_shared,0.0206655997783,0.0141440000385,0.0117119999602,0.802858,0.0548479996622,3.0844,296.542985618,76.471412373,0.0
128,float,cusparse_spmm_fp32,0.0279615994543,0.0223168004304,0.0148672003299,6.494337,0.0734656006098,9.347,187.9437876,57.0920807179,0.0
256,float,cpu_blocked_mt,0.0,3.5581492,0.0,0.0,3.5581492,0.0,9.43030494618,9.43030494618,0.0
256,float,cpu_naive,0.0,21.012476,0.0,0.0,21.012476,0.0,1.59688139561,1.59688139561,0.0
256,float,cublas_sgemm,0.0502080000937,0.0260543994606,0.0240063998848,18.855592,0.108543999493,15.662,1287.86050321,309.132076915,0.0
256,float,cuda_naive,0.0501247994602,0.0663488000631,0.0250368002802,1.379224,0.149772799015,3.111,505.727789622,224.03555399,0.0
256,float,cuda_tiled_shared,0.0526399999857,0.0491071991622,0.0269888002425,0.927157,0.13736320138,3.1686,683.289468193,244.275261955,0.0
256,float,cusparse_spmm_fp32,0.0761855989695,0.0514239996672,0.0245824001729,7.387648,0.160550400615,9.768,652.505293582,208.99625209,0.0
512,float,cpu_blocked_mt,0.0,25.34821,0.0,0.0,25.34821,0.0,10.5899176313,10.5899176313,0.0
512,float,cpu_naive,0.0,191.1941128,0.0,0.0,191.1941128,0.0,1.40399435981,1.40399435981,0.0
512,float,cublas_sgemm,0.196454402804,0.106905600429,0.0871743991971,22.651111,0.401043200493,9.6004,2510.95784434,669.34299265,0.0
512,float,cuda_naive,0.190297597647,0.861811208725,0.0878335997462,2.714775,1.15063040257,4.304,311.478260299,233.29424931,0.0
512,float,cuda_tiled_shared,0.192236796021,0.567161595821,0.0854143992066,1.792961,0.855987203121,3.9364,473.296249213,313.597510595,0.0
512,float,cusparse_spmm_fp32,0.286643201113,0.607615995407,0.0866112008691,11.486772,0.991705584526,22.6056,441.78470947,270.680593302,0.0
768,float,cpu_blocked_mt,0.0,156.0937158,0.0,0.0,156.0937158,0.0,5.80401113111,5.80401113111,0.0
768,float,cpu_naive,0.0,672.4726842,0.0,0.0,672.4726842,0.0,1.34722150845,1.34722150845,0.0
768,float,cublas_sgemm,0.406515192986,0.369593596458,0.186963200569,31.11329,0.973203194141,28.738,2451.25909291,930.915218378,0.0
768,float,cuda_naive,0.404544001818,3.79683198929,0.18630400002,9.3351,4.39869441986,17.082,238.611997201,205.963310365,0.0
768,float,cuda_tiled_shared,0.410579198599,2.44598398209,0.188928002119,6.932586,3.05626883507,12.2846,370.390677386,296.429965062,0.0
768,float,cusparse_spmm_fp32,0.618118405342,2.68001275063,0.189343997836,27.823178,3.49855356216,26.692,338.046773766,258.955493435,0.0
1024,float,cpu_blocked_mt,0.0,220.1937944,0.0,0.0,220.1937944,0.0,9.75269831673,9.75269831673,0.0
1024,float,cublas_sgemm,0.699046421051,0.531155204773,0.326592004299,22.116798,1.56698877811,15.1642,4043.04359385,1370.45247419,0.0
1024,float,cuda_naive,0.697875201702,5.72568950653,0.327468806505,6.694603,6.76151676178,4.5056,375.061142514,317.603834119,0.0
1024,float,cuda_tiled_shared,0.692383992672,3.67120637894,0.32764160037,8.322981,4.7012928009,4.2152,584.953126123,456.785769137,0.0
1024,float,cusparse_spmm_fp32,1.0551615715,4.26784000397,0.325996798277,25.408803,5.65871353149,10.8952,503.178105553,379.500329191,0.0
64,int,cpu_blocked_mt,0.0,0.2194886,0.0,0.0,0.2194886,0.0,2.38867986766,2.38867986766,0.145751953125
64,int,cpu_naive,0.0,0.2453726,0.0,0.0,0.2453726,0.0,2.1367014899,2.1367014899,0.145751953125
64,int,cublas_int_via_fp64,0.0157952001318,0.311750397086,0.0104576000944,27.459008,0.347980800271,184.691,1.68175567666,1.50665783742,0.145751953125
64,int,cuda_naive,0.0140416001901,0.0117375999689,0.00992639996111,1.069626,0.0451456002891,2.7296,44.6673937933,11.6132689928,0.145751953125
64,int,cuda_tiled_shared,0.013318400085,0.0171647997573,0.0103359997272,0.737955,0.0504511997104,10.7982,30.5443703051,10.3919828073,0.145751953125
64,int,cusparse_int_via_fp64,0.0194240000099,0.0225791998208,0.00916479993612,7.658442,0.0606912001967,11.111,23.2199548329,8.63861644358,0.145751953125
128,int,cpu_blocked_mt,0.0,0.7866106,0.0,0.0,0.7866106,0.0,5.33212239957,5.33212239957,0.143981933594
128,int,cpu_naive,0.0,3.2481642,0.0,0.0,3.2481642,0.0,1.29128447386,1.29128447386,0.143981933594
128,int,cublas_int_via_fp64,0.0309760000557,0.143212801218,0.0199744004756,19.21899,0.203391999006,12.1004,29.2872143016,20.6217748018,0.143981933594
128,int,cuda_naive,0.0203775998205,0.0212480001152,0.0120063999668,1.11248,0.0633600004017,2.7932,197.397589292,66.1979793783,0.143981933594
128,int,cuda_tiled_shared,0.0190656002611,0.0176768001169,0.0142911998555,0.766862,0.0607808001339,4.5814,237.277333695,69.0070547074,0.143981933594
128,int,cusparse_int_via_fp64,0.0373056001961,0.0480447992682,0.0187711995095,7.008408,0.11404799968,8.6306,87.2998547997,36.7766555465,0.143981933594
256,int,cpu_blocked_mt,0.0,6.409534,0.0,0.0,6.409534,0.0,5.23508136473,5.23508136473,0.141677856445
256,int,cpu_naive,0.0,20.1339482,0.0,0.0,20.1339482,0.0,1.66655996463,1.66655996463,0.141677856445
256,int,cublas_int_via_fp64,0.0932159990072,0.271609604359,0.0465535998344,19.240435,0.420627200603,11.8778,123.539195454,79.7723778963,0.141677856445
256,int,cuda_naive,0.0509183995426,0.0917824015021,0.0266176000237,1.313205,0.178579196334,3.1252,365.586773181,187.896645796,0.141677856445
256,int,cuda_tiled_shared,0.0508543998003,0.0642751991749,0.0256064005196,0.857297,0.150163197517,3.0824,522.043220881,223.453100059,0.141677856445
256,int,cusparse_int_via_fp64,0.110848000646,0.216863998771,0.0498624004424,7.445976,0.386803209782,8.8492,154.72569071,86.7480702111,0.141677856445
512,int,cpu_blocked_mt,0.0,43.1656722,0.0,0.0,43.1656722,0.0,6.21872525826,6.21872525826,0.142284393311
512,int,cpu_naive,0.0,260.8823036,0.0,0.0,260.8823036,0.0,1.02895233711,1.02895233711,0.142284393311
512,int,cublas_int_via_fp64,0.351321601868,3.69008636475,0.16862719655,21.94906,4.22050571442,32.3548,72.74503344,63.6026756422,0.142284393311
512,int,cuda_naive,0.184262400866,1.14640638828,0.0843839988112,2.620051,1.42521600723,4.9846,234.153838241,188.347208169,0.142284393311
512,int,cuda_tiled_shared,0.17824639976,0.754150402546,0.0878911986947,1.979357,1.03061761856,4.4044,355.944192423,260.460767569,0.142284393311
512,int,cusparse_int_via_fp64,0.40403200388,2.96640639305,0.166598397493,13.178868,3.54783358574,10.3554,90.4918006612,75.661794589,0.142284393311
768,int,cpu_blocked_mt,0.0,158.4109344,0.0,0.0,158.4109344,0.0,5.7191106626,5.7191106626,0.142289903429
768,int,cpu_naive,0.0,855.9232464,0.0,0.0,855.9232464,0.0,1.05847068392,1.05847068392,0.142289903429
768,int,cublas_int_via_fp64,0.778963196278,9.52519683838,0.366387200356,23.749315,10.6836093903,18.0846,95.1129598025,84.7999614087,0.142289903429
768,int,cuda_naive,0.404121601582,3.84637436867,0.185222399235,4.12487,4.44627847672,4.3782,235.538607833,203.759091731,0.142289903429
768,int,cuda_tiled_shared,0.394163191319,2.46030077934,0.188422396779,3.145412,3.05382404327,4.0694,368.235327813,296.667277211,0.142289903429
768,int,cusparse_int_via_fp64,0.895385599136,7.72639989853,0.369516795874,19.715165,9.00156784058,14.3954,117.256377601,100.645763054,0.142289903429
1024,int,cpu_blocked_mt,0.0,365.0955044,0.0,0.0,365.0955044,0.0,5.8819777897,5.8819777897,0.142895698547
1024,int,cublas_int_via_fp64,1.37255039215,19.0183101654,0.645491218567,28.565742,21.0462398529,22.932,112.916638194,102.03645226,0.142895698547
1024,int,cuda_naive,0.696799993515,9.04931221008,0.328454399109,7.160145,10.0848445892,6.0974,237.309046052,212.941669948,0.142895698547
1024,int,cuda_tiled_shared,0.692070400715,5.82798719406,0.325798392296,5.536312,6.85600633621,3.8464,368.477756813,313.226613671,0.142895698547
1024,int,cusparse_int_via_fp64,1.57206397057,8.80741767883,0.645766401291,31.706983,11.0345855713,11.7344,243.826706795,194.613892305,0.142895698547
