N,data_type,method,iterations,warmup,cpu_threads,requested_zero_probability,nnz_a,actual_sparsity_a,h2d_ms,h2d_stdev_ms,compute_ms,compute_stdev_ms,d2h_ms,d2h_stdev_ms,total_gpu_ms,total_gpu_stdev_ms,total_wall_ms,total_wall_stdev_ms,launch_overhead_us,launch_overhead_stdev_us,setup_ms,compute_gops,end_to_end_gops,verified,max_abs_error,max_rel_error,checked_elements,device_name,compute_capability,notes
64,int,cpu_naive,5,2,2,0,3499,0.145751953125,0,0,0.2453726,0.0103947755262,0,0,0,0,0.2453726,0.0103947755262,0,0,0,2.1367014899,2.1367014899,1,0,0,4096,Tesla T4,7.5,Native scalar triple-loop CPU implementation.
64,int,cpu_blocked_mt,5,2,2,0,3499,0.145751953125,0,0,0.2194886,0.0391699255072,0,0,0,0,0.2194886,0.0391699255072,0,0,0,2.38867986766,2.38867986766,1,0,0,4096,Tesla T4,7.5,Native blocked multi-threaded CPU implementation using std::thread; no BLAS library.
64,int,cuda_naive,5,2,2,0,3499,0.145751953125,0.0140416001901,0.00321413860189,0.0117375999689,0.00140383371588,0.00992639996111,0.000335862479655,0.0451456002891,0.00467162267114,0.0520916,0.00464832905892,2.7296,0.329736015625,1.069626,44.6673937933,11.6132689928,1,0,0,4096,Tesla T4,7.5,Native CUDA one-thread-per-output-element kernel.
64,int,cuda_tiled_shared,5,2,2,0,3499,0.145751953125,0.013318400085,0.00343152231533,0.0171647997573,0.0105428920244,0.0103359997272,3.50541705302e-05,0.0504511997104,0.0103634671083,0.0576224,0.010527573711,10.7982,15.6017842364,0.737955,30.5443703051,10.3919828073,1,0,0,4096,Tesla T4,7.5,Native CUDA tiled kernel; 16x16 blocking and shared-memory reuse.
64,int,cublas_int_via_fp64,5,2,2,0,3499,0.145751953125,0.0157952001318,0.00118176652252,0.311750397086,0.324996817793,0.0104576000944,0.00296323449472,0.347980800271,0.323636011813,0.3594254,0.322678984223,184.691,325.356404045,27.459008,1.68175567666,1.50665783742,1,0,0,4096,Tesla T4,7.5,INT32 emulation through FP64 cuBLAS DGEMM. Exact only while integer sums remain below 2^53; input range is intentionally small.
64,int,cusparse_int_via_fp64,5,2,2,0,3499,0.145751953125,0.0194240000099,0.000842517952206,0.0225791998208,0.00113455234226,0.00916479993612,0.00229719875354,0.0606912001967,0.00332286368827,0.0678806,0.00327968136257,11.111,4.41152059952,7.658442,23.2199548329,8.63861644358,1,0,0,4096,Tesla T4,7.5,"INT32 emulation through FP64 cuSPARSE SpMM; integer values are converted to double. Host dense-to-CSR conversion is reported in setup_ms, not in CUDA-event total time."
128,int,cpu_naive,5,2,2,0,14025,0.143981933594,0,0,3.2481642,0.591162638464,0,0,0,0,3.2481642,0.591162638464,0,0,0,1.29128447386,1.29128447386,1,0,0,16384,Tesla T4,7.5,Native scalar triple-loop CPU implementation.
128,int,cpu_blocked_mt,5,2,2,0,14025,0.143981933594,0,0,0.7866106,0.0651864317864,0,0,0,0,0.7866106,0.0651864317864,0,0,0,5.33212239957,5.33212239957,1,0,0,16384,Tesla T4,7.5,Native blocked multi-threaded CPU implementation using std::thread; no BLAS library.
128,int,cuda_naive,5,2,2,0,14025,0.143981933594,0.0203775998205,0.00296737812591,0.0212480001152,0.00107835764254,0.0120063999668,7.12672741547e-05,0.0633600004017,0.00375887771862,0.0704334,0.00372177992901,2.7932,0.387374960471,1.11248,197.397589292,66.1979793783,1,0,0,16384,Tesla T4,7.5,Native CUDA one-thread-per-output-element kernel.
128,int,cuda_tiled_shared,5,2,2,0,14025,0.143981933594,0.0190656002611,0.000241509939509,0.0176768001169,0.000870635858978,0.0142911998555,0.00304989372865,0.0607808001339,0.00168947826145,0.068165,0.00151107127562,4.5814,2.78702297084,0.766862,237.277333695,69.0070547074,1,0,0,16384,Tesla T4,7.5,Native CUDA tiled kernel; 16x16 blocking and shared-memory reuse.
128,int,cublas_int_via_fp64,5,2,2,0,14025,0.143981933594,0.0309760000557,0.00309577451734,0.143212801218,0.00215163595902,0.0199744004756,0.000307866058757,0.203391999006,0.00276758383766,0.212899,0.00416470263044,12.1004,1.43804695334,19.21899,29.2872143016,20.6217748018,1,0,0,16384,Tesla T4,7.5,INT32 emulation through FP64 cuBLAS DGEMM. Exact only while integer sums remain below 2^53; input range is intentionally small.
128,int,cusparse_int_via_fp64,5,2,2,0,14025,0.143981933594,0.0373056001961,0.000335252693581,0.0480447992682,0.000635697382987,0.0187711995095,0.000153600005433,0.11404799968,0.000803702368758,0.1212404,0.000710556570585,8.6306,0.650440650636,7.008408,87.2998547997,36.7766555465,1,0,0,16384,Tesla T4,7.5,"INT32 emulation through FP64 cuSPARSE SpMM; integer values are converted to double. Host dense-to-CSR conversion is reported in setup_ms, not in CUDA-event total time."
256,int,cpu_naive,5,2,2,0,56251,0.141677856445,0,0,20.1339482,2.95000956478,0,0,0,0,20.1339482,2.95000956478,0,0,0,1.66655996463,1.66655996463,1,0,0,65536,Tesla T4,7.5,Native scalar triple-loop CPU implementation.
256,int,cpu_blocked_mt,5,2,2,0,56251,0.141677856445,0,0,6.409534,1.4658435293,0,0,0,0,6.409534,1.4658435293,0,0,0,5.23508136473,5.23508136473,1,0,0,65536,Tesla T4,7.5,Native blocked multi-threaded CPU implementation using std::thread; no BLAS library.
256,int,cuda_naive,5,2,2,0,56251,0.141677856445,0.0509183995426,0.00023980837715,0.0917824015021,0.00134177353919,0.0266176000237,0.00319791257819,0.178579196334,0.00471022491817,0.1860014,0.00483287204879,3.1252,0.500681695292,1.313205,365.586773181,187.896645796,1,0,0,65536,Tesla T4,7.5,Native CUDA one-thread-per-output-element kernel.
256,int,cuda_tiled_shared,5,2,2,0,56251,0.141677856445,0.0508543998003,8.19606143229e-05,0.0642751991749,0.000291604111723,0.0256064005196,0.000536761504356,0.150163197517,0.000431512931327,0.1571668,0.000485788184298,3.0824,0.132034237984,0.857297,522.043220881,223.453100059,1,0,0,65536,Tesla T4,7.5,Native CUDA tiled kernel; 16x16 blocking and shared-memory reuse.
256,int,cublas_int_via_fp64,5,2,2,0,56251,0.141677856445,0.0932159990072,0.000417228588034,0.271609604359,0.00249759537567,0.0465535998344,0.000361131546632,0.420627200603,0.00241828956923,0.4278094,0.0023329914359,11.8778,1.11164641861,19.240435,123.539195454,79.7723778963,1,0,0,65536,Tesla T4,7.5,INT32 emulation through FP64 cuBLAS DGEMM. Exact only while integer sums remain below 2^53; input range is intentionally small.
256,int,cusparse_int_via_fp64,5,2,2,0,56251,0.141677856445,0.110848000646,0.000577067265435,0.216863998771,0.00286345338676,0.0498624004424,0.000401928532059,0.386803209782,0.00329240113203,0.39439,0.00327725238577,8.8492,0.40136088499,7.445976,154.72569071,86.7480702111,1,0,0,65536,Tesla T4,7.5,"INT32 emulation through FP64 cuSPARSE SpMM; integer values are converted to double. Host dense-to-CSR conversion is reported in setup_ms, not in CUDA-event total time."
512,int,cpu_naive,5,2,2,0,224845,0.142284393311,0,0,260.8823036,9.01509080909,0,0,0,0,260.8823036,9.01509080909,0,0,0,1.02895233711,1.02895233711,1,0,0,262144,Tesla T4,7.5,Native scalar triple-loop CPU implementation.
512,int,cpu_blocked_mt,5,2,2,0,224845,0.142284393311,0,0,43.1656722,0.520768072127,0,0,0,0,43.1656722,0.520768072127,0,0,0,6.21872525826,6.21872525826,1,0,0,262144,Tesla T4,7.5,Native blocked multi-threaded CPU implementation using std::thread; no BLAS library.
512,int,cuda_naive,5,2,2,0,224845,0.142284393311,0.184262400866,0.00512785072759,1.14640638828,0.00307336000225,0.0843839988112,0.000791118939273,1.42521600723,0.00582306151622,1.437306,0.00575186623622,4.9846,1.6195724868,2.620051,234.153838241,188.347208169,1,0,0,262144,Tesla T4,7.5,Native CUDA one-thread-per-output-element kernel.
512,int,cuda_tiled_shared,5,2,2,0,224845,0.142284393311,0.17824639976,0.000211681670262,0.754150402546,0.000998565122093,0.0878911986947,0.000878130547914,1.03061761856,0.00067651628889,1.0387248,0.000735227148298,4.4044,2.05314320981,1.979357,355.944192423,260.460767569,1,0,0,262144,Tesla T4,7.5,Native CUDA tiled kernel; 16x16 blocking and shared-memory reuse.
512,int,cublas_int_via_fp64,5,2,2,0,224845,0.142284393311,0.351321601868,0.0027673894511,3.69008636475,0.00370950135057,0.16862719655,0.00473178723898,4.22050571442,0.00184905795516,4.2321156,0.00368555323331,32.3548,17.1474414115,21.94906,72.74503344,63.6026756422,1,0,0,262144,Tesla T4,7.5,INT32 emulation through FP64 cuBLAS DGEMM. Exact only while integer sums remain below 2^53; input range is intentionally small.
512,int,cusparse_int_via_fp64,5,2,2,0,224845,0.142284393311,0.40403200388,0.00151789107537,2.96640639305,0.000740145239534,0.166598397493,0.00120677170915,3.54783358574,0.00296744110824,3.556766,0.00302173374124,10.3554,0.743857136821,13.178868,90.4918006612,75.661794589,1,0,0,262144,Tesla T4,7.5,"INT32 emulation through FP64 cuSPARSE SpMM; integer values are converted to double. Host dense-to-CSR conversion is reported in setup_ms, not in CUDA-event total time."
768,int,cpu_naive,5,2,2,0,505898,0.142289903429,0,0,855.9232464,102.53977065,0,0,0,0,855.9232464,102.53977065,0,0,0,1.05847068392,1.05847068392,1,0,0,589824,Tesla T4,7.5,Native scalar triple-loop CPU implementation.
768,int,cpu_blocked_mt,5,2,2,0,505898,0.142289903429,0,0,158.4109344,15.8794569876,0,0,0,0,158.4109344,15.8794569876,0,0,0,5.7191106626,5.7191106626,1,0,0,589824,Tesla T4,7.5,Native blocked multi-threaded CPU implementation using std::thread; no BLAS library.
768,int,cuda_naive,5,2,2,0,505898,0.142289903429,0.404121601582,0.00613263347437,3.84637436867,0.00200862133463,0.185222399235,0.0023391459351,4.44627847672,0.00535227157746,4.4578266,0.0075011555538,4.3782,0.80015083578,4.12487,235.538607833,203.759091731,1,0,0,589824,Tesla T4,7.5,Native CUDA one-thread-per-output-element kernel.
768,int,cuda_tiled_shared,5,2,2,0,505898,0.142289903429,0.394163191319,0.00065910471839,2.46030077934,0.00121640303486,0.188422396779,0.00211145861455,3.05382404327,0.00063320022256,3.062133,0.000727211385137,4.0694,0.49496165508,3.145412,368.235327813,296.667277211,1,0,0,589824,Tesla T4,7.5,Native CUDA tiled kernel; 16x16 blocking and shared-memory reuse.
768,int,cublas_int_via_fp64,5,2,2,0,505898,0.142289903429,0.778963196278,0.00252655546185,9.52519683838,1.08949218337,0.366387200356,0.00260013720443,10.6836093903,1.08664885425,10.693974,1.08765959836,18.0846,5.13200844115,23.749315,95.1129598025,84.7999614087,1,0,0,589824,Tesla T4,7.5,INT32 emulation through FP64 cuBLAS DGEMM. Exact only while integer sums remain below 2^53; input range is intentionally small.
768,int,cusparse_int_via_fp64,5,2,2,0,505898,0.142289903429,0.895385599136,0.00135014073906,7.72639989853,0.00138515224375,0.369516795874,0.00223704303286,9.00156784058,0.00206351516771,9.0114862,0.00286901665599,14.3954,4.47482954312,19.715165,117.256377601,100.645763054,1,0,0,589824,Tesla T4,7.5,"INT32 emulation through FP64 cuSPARSE SpMM; integer values are converted to double. Host dense-to-CSR conversion is reported in setup_ms, not in CUDA-event total time."
1024,int,cpu_blocked_mt,5,2,2,0,898739,0.142895698547,0,0,365.0955044,7.64520522503,0,0,0,0,365.0955044,7.64520522503,0,0,0,5.8819777897,5.8819777897,1,0,0,1048576,Tesla T4,7.5,Native blocked multi-threaded CPU implementation using std::thread; no BLAS library.
1024,int,cuda_naive,5,2,2,0,898739,0.142895698547,0.696799993515,0.00683227036205,9.04931221008,0.00216995296464,0.328454399109,0.00261401864738,10.0848445892,0.00871828728261,10.0949024,0.00865392721444,6.0974,1.29075057234,7.160145,237.309046052,212.941669948,1,0,0,1048576,Tesla T4,7.5,Native CUDA one-thread-per-output-element kernel.
1024,int,cuda_tiled_shared,5,2,2,0,898739,0.142895698547,0.692070400715,0.00239376253592,5.82798719406,0.00100101406144,0.325798392296,0.00129580412872,6.85600633621,0.00341232452617,6.8652006,0.00338842013945,3.8464,0.3832146135,5.536312,368.477756813,313.226613671,1,0,0,1048576,Tesla T4,7.5,Native CUDA tiled kernel; 16x16 blocking and shared-memory reuse.
1024,int,cublas_int_via_fp64,5,2,2,0,898739,0.142895698547,1.37255039215,0.00339769535154,19.0183101654,0.000962159644031,0.645491218567,0.00300252213003,21.0462398529,0.00525864797085,21.0576286,0.00641422408985,22.932,5.42476097169,28.565742,112.916638194,102.03645226,1,0,0,1048576,Tesla T4,7.5,INT32 emulation through FP64 cuBLAS DGEMM. Exact only while integer sums remain below 2^53; input range is intentionally small.
1024,int,cusparse_int_via_fp64,5,2,2,0,898739,0.142895698547,1.57206397057,0.00337693843296,8.80741767883,0.0569037722236,0.645766401291,0.00223592080953,11.0345855713,0.0571057231995,11.0425358,0.0574585653786,11.7344,1.61884163524,31.706983,243.826706795,194.613892305,1,0,0,1048576,Tesla T4,7.5,"INT32 emulation through FP64 cuSPARSE SpMM; integer values are converted to double. Host dense-to-CSR conversion is reported in setup_ms, not in CUDA-event total time."
64,float,cpu_naive,5,2,2,0,4096,0,0,0,0.2266926,0.00794844305761,0,0,0,0,0.2266926,0.00794844305761,0,0,0,2.31277068594,2.31277068594,1,0,0,4096,Tesla T4,7.5,Native scalar triple-loop CPU implementation.
64,float,cpu_blocked_mt,5,2,2,0,4096,0,0,0,0.1519116,0.0341113322906,0,0,0,0,0.1519116,0.0341113322906,0,0,0,3.45127034407,3.45127034407,1,0,0,4096,Tesla T4,7.5,Native blocked multi-threaded CPU implementation using std::thread; no BLAS library.
64,float,cuda_naive,5,2,2,0,4096,0,0.00981120020151,0.0001676263539,0.00760960001498,0.000644591613713,0.00445440001786,0.000440345884843,0.0301695998758,0.000581801845864,0.0363846,0.000602240682784,2.5864,0.075412465813,1.127389,68.8982336743,17.378022982,1,1.90734863281e-06,1.19209289551e-06,4096,Tesla T4,7.5,Native CUDA one-thread-per-output-element kernel.
64,float,cuda_tiled_shared,5,2,2,0,4096,0,0.0108672000468,0.00227471151538,0.00930560017005,0.00245574943138,0.00469119986519,0.00035782815801,0.0332224007696,0.00392004050142,0.0395672,0.00386475310466,3.7814,2.36561751769,0.782968,56.3411268934,15.7811593339,1,1.90734863281e-06,1.19209289551e-06,4096,Tesla T4,7.5,Native CUDA tiled kernel; 16x16 blocking and shared-memory reuse.
64,float,cublas_sgemm,5,2,2,0,4096,0,0.00995840001851,0.000329086956762,0.00951680010185,0.00261121568044,0.00824959995225,0.00163899990027,0.0363328002393,0.00401910877358,0.0436962,0.00433615061547,8.9054,0.660012302916,18.108955,55.0907862295,14.4301566779,1,2.86102294922e-06,1.60932540894e-06,4096,Tesla T4,7.5,Native cuBLAS SGEMM; pedantic FP32 math mode for reproducible verification.
64,float,cusparse_spmm_fp32,5,2,2,0,4096,0,0.0148607999086,0.000194753699739,0.0199616003782,0.000644909158242,0.00472959997132,0.000201777664381,0.0477824002504,0.000754386771738,0.0541398,0.000804024725988,8.5276,0.158422978131,6.120649,26.2648279731,10.9724081932,1,2.86102294922e-06,1.60932540894e-06,4096,Tesla T4,7.5,"Native cuSPARSE CSR-by-dense SpMM in FP32. Host dense-to-CSR conversion is reported in setup_ms, not in CUDA-event total time."
128,float,cpu_naive,5,2,2,0,16384,0,0,0,2.3643136,0.106033424835,0,0,0,0,2.3643136,0.106033424835,0,0,0,1.77400493742,1.77400493742,1,0,0,16384,Tesla T4,7.5,Native scalar triple-loop CPU implementation.
128,float,cpu_blocked_mt,5,2,2,0,16384,0,0,0,0.5565578,0.0595751993279,0,0,0,0,0.5565578,0.0595751993279,0,0,0,7.53615168092,7.53615168092,1,0,0,16384,Tesla T4,7.5,Native blocked multi-threaded CPU implementation using std::thread; no BLAS library.
128,float,cuda_naive,5,2,2,0,16384,0,0.0210559997708,0.00305300784496,0.0167487999424,0.00135562189139,0.0103551996872,2.5600194931e-05,0.0566784001887,0.00434320969033,0.0724102,0.0206615981802,4.3444,3.16626799876,1.09867,250.424150651,74.0018064384,1,2.86102294922e-06,2.26497650146e-06,16384,Tesla T4,7.5,Native CUDA one-thread-per-output-element kernel.
128,float,cuda_tiled_shared,5,2,2,0,16384,0,0.0206655997783,0.00277795382864,0.0141440000385,0.00153399863464,0.0117119999602,0.000112683428032,0.0548479996622,0.0042680364305,0.066211,0.00768418563024,3.0844,0.979418929774,0.802858,296.542985618,76.471412373,1,2.86102294922e-06,2.26497650146e-06,16384,Tesla T4,7.5,Native CUDA tiled kernel; 16x16 blocking and shared-memory reuse.
128,float,cublas_sgemm,5,2,2,0,16384,0,0.0262975998223,0.0161174232394,0.0112255999818,0.00145807674493,0.0136447999626,0.000555953465699,0.0595392003655,0.0168626905319,0.0663704,0.0167452309939,10.433,3.43536821898,18.296981,373.637400832,70.4460922258,1,7.62939453125e-06,2.59280204773e-06,16384,Tesla T4,7.5,Native cuBLAS SGEMM; pedantic FP32 math mode for reproducible verification.
128,float,cusparse_spmm_fp32,5,2,2,0,16384,0,0.0279615994543,0.000549953666698,0.0223168004304,0.00178485443726,0.0148672003299,8.95999904189e-05,0.0734656006098,0.00176138525031,0.080045,0.00167926138525,9.347,0.374732971594,6.494337,187.9437876,57.0920807179,1,5.72204589844e-06,3.45706939697e-06,16384,Tesla T4,7.5,"Native cuSPARSE CSR-by-dense SpMM in FP32. Host dense-to-CSR conversion is reported in setup_ms, not in CUDA-event total time."
256,float,cpu_naive,5,2,2,0,65536,0,0,0,21.012476,1.33732029805,0,0,0,0,21.012476,1.33732029805,0,0,0,1.59688139561,1.59688139561,1,0,0,65536,Tesla T4,7.5,Native scalar triple-loop CPU implementation.
256,float,cpu_blocked_mt,5,2,2,0,65536,0,0,0,3.5581492,0.223081868032,0,0,0,0,3.5581492,0.223081868032,0,0,0,9.43030494618,9.43030494618,1,0,0,65536,Tesla T4,7.5,Native blocked multi-threaded CPU implementation using std::thread; no BLAS library.
256,float,cuda_naive,5,2,2,0,65536,0,0.0501247994602,0.000187247525805,0.0663488000631,0.00163125916299,0.0250368002802,0.000358399748802,0.149772799015,0.00160658868826,0.1565872,0.00200219054038,3.111,0.944018855744,1.379224,505.727789622,224.03555399,1,5.72204589844e-06,3.57627868652e-06,65536,Tesla T4,7.5,Native CUDA one-thread-per-output-element kernel.
256,float,cuda_tiled_shared,5,2,2,0,65536,0,0.0526399999857,0.00551229128783,0.0491071991622,0.0017992537403,0.0269888002425,0.000274976597078,0.13736320138,0.00706702094897,0.1448652,0.00712755530038,3.1686,0.728792316096,0.927157,683.289468193,244.275261955,1,5.72204589844e-06,3.57627868652e-06,65536,Tesla T4,7.5,Native CUDA tiled kernel; 16x16 blocking and shared-memory reuse.
256,float,cublas_sgemm,5,2,2,0,65536,0,0.0502080000937,0.000391394716659,0.0260543994606,0.00208008858784,0.0240063998848,0.000605265157654,0.108543999493,0.00134962631404,0.1151182,0.00134532351499,15.662,4.63549535649,18.855592,1287.86050321,309.132076915,1,2.09808349609e-05,6.69346622365e-06,65536,Tesla T4,7.5,Native cuBLAS SGEMM; pedantic FP32 math mode for reproducible verification.
256,float,cusparse_spmm_fp32,5,2,2,0,65536,0,0.0761855989695,0.000402436054341,0.0514239996672,0.00202598121387,0.0245824001729,0.00309480829854,0.160550400615,0.00354611076862,0.167207,0.00376084751087,9.768,0.54355533297,7.387648,652.505293582,208.99625209,1,1.90734863281e-05,7.62939453125e-06,65536,Tesla T4,7.5,"Native cuSPARSE CSR-by-dense SpMM in FP32. Host dense-to-CSR conversion is reported in setup_ms, not in CUDA-event total time."
512,float,cpu_naive,5,2,2,0,262144,0,0,0,191.1941128,8.73876211893,0,0,0,0,191.1941128,8.73876211893,0,0,0,1.40399435981,1.40399435981,1,0,0,262144,Tesla T4,7.5,Native scalar triple-loop CPU implementation.
512,float,cpu_blocked_mt,5,2,2,0,262144,0,0,0,25.34821,0.955790569497,0,0,0,0,25.34821,0.955790569497,0,0,0,10.5899176313,10.5899176313,1,0,0,262144,Tesla T4,7.5,Native blocked multi-threaded CPU implementation using std::thread; no BLAS library.
512,float,cuda_naive,5,2,2,0,262144,0,0.190297597647,0.00157801183981,0.861811208725,0.00106008765306,0.0878335997462,0.000598117128179,1.15063040257,0.00164125205072,1.1596004,0.00171587430771,4.304,0.754404931055,2.714775,311.478260299,233.29424931,1,1.14440917969e-05,6.0647726059e-06,262144,Tesla T4,7.5,Native CUDA one-thread-per-output-element kernel.
512,float,cuda_tiled_shared,5,2,2,0,262144,0,0.192236796021,0.0034762418086,0.567161595821,0.0011061953904,0.0854143992066,0.000656865066064,0.855987203121,0.0036990432804,0.8643496,0.00359073126812,3.9364,0.606833288474,1.792961,473.296249213,313.597510595,1,1.14440917969e-05,6.0647726059e-06,262144,Tesla T4,7.5,Native CUDA tiled kernel; 16x16 blocking and shared-memory reuse.
512,float,cublas_sgemm,5,2,2,0,262144,0,0.196454402804,0.00300059484751,0.106905600429,0.00202207693101,0.0871743991971,0.000501245783523,0.401043200493,0.00354051967724,0.4095888,0.00363922433494,9.6004,1.67409994923,22.651111,2510.95784434,669.34299265,1,1.14440917969e-05,6.0647726059e-06,262144,Tesla T4,7.5,Native cuBLAS SGEMM; pedantic FP32 math mode for reproducible verification.
512,float,cusparse_spmm_fp32,5,2,2,0,262144,0,0.286643201113,0.00562361307181,0.607615995407,0.00119509199675,0.0866112008691,0.000560354870254,0.991705584526,0.0056095295735,1.0047188,0.00546107712452,22.6056,6.33569009974,11.486772,441.78470947,270.680593302,1,3.0517578125e-05,1.35898590088e-05,262144,Tesla T4,7.5,"Native cuSPARSE CSR-by-dense SpMM in FP32. Host dense-to-CSR conversion is reported in setup_ms, not in CUDA-event total time."
768,float,cpu_naive,5,2,2,0,589824,0,0,0,672.4726842,25.2153695282,0,0,0,0,672.4726842,25.2153695282,0,0,0,1.34722150845,1.34722150845,1,0,0,589824,Tesla T4,7.5,Native scalar triple-loop CPU implementation.
768,float,cpu_blocked_mt,5,2,2,0,589824,0,0,0,156.0937158,17.5047269745,0,0,0,0,156.0937158,17.5047269745,0,0,0,5.80401113111,5.80401113111,1,0,0,589824,Tesla T4,7.5,Native blocked multi-threaded CPU implementation using std::thread; no BLAS library.
768,float,cuda_naive,5,2,2,0,589824,0,0.404544001818,0.00276994974586,3.79683198929,0.00145700665756,0.18630400002,0.00248563828519,4.39869441986,0.00629595810921,4.6401548,0.449415238906,17.082,8.33703995432,9.3351,238.611997201,205.963310365,1,1.43051147461e-05,1.1146068573e-05,589824,Tesla T4,7.5,Native CUDA one-thread-per-output-element kernel.
768,float,cuda_tiled_shared,5,2,2,0,589824,0,0.410579198599,0.00559802890163,2.44598398209,0.000511640839889,0.188928002119,0.00104400441732,3.05626883507,0.00569075929382,3.146724,0.140698977205,12.2846,2.31101974029,6.932586,370.390677386,296.429965062,1,1.43051147461e-05,1.1146068573e-05,589824,Tesla T4,7.5,Native CUDA tiled kernel; 16x16 blocking and shared-memory reuse.
768,float,cublas_sgemm,5,2,2,0,589824,0,0.406515192986,0.000854966752414,0.369593596458,0.00173066333364,0.186963200569,0.00039066225233,0.973203194141,0.00217503285269,0.9875798,0.00194964493181,28.738,2.95375334109,31.11329,2451.25909291,930.915218378,1,1.43051147461e-05,1.1146068573e-05,589824,Tesla T4,7.5,Native cuBLAS SGEMM; pedantic FP32 math mode for reproducible verification.
768,float,cusparse_spmm_fp32,5,2,2,0,589824,0,0.618118405342,0.00821492545638,2.68001275063,0.0023902644747,0.189343997836,0.00145998589652,3.49855356216,0.00785810569855,3.5146538,0.00866636688349,26.692,1.21810130942,27.823178,338.046773766,258.955493435,1,4.95910644531e-05,2.05636024475e-05,589824,Tesla T4,7.5,"Native cuSPARSE CSR-by-dense SpMM in FP32. Host dense-to-CSR conversion is reported in setup_ms, not in CUDA-event total time."
1024,float,cpu_blocked_mt,5,2,2,0,1048576,0,0,0,220.1937944,8.76010975621,0,0,0,0,220.1937944,8.76010975621,0,0,0,9.75269831673,9.75269831673,1,0,0,1048576,Tesla T4,7.5,Native blocked multi-threaded CPU implementation using std::thread; no BLAS library.
1024,float,cuda_naive,5,2,2,0,1048576,0,0.697875201702,0.00896270941361,5.72568950653,0.00361501947279,0.327468806505,0.00287441671163,6.76151676178,0.00944739069983,6.7712322,0.0110584362256,4.5056,1.14656035166,6.694603,375.061142514,317.603834119,1,1.71661376953e-05,1.23977661133e-05,1048576,Tesla T4,7.5,Native CUDA one-thread-per-output-element kernel.
1024,float,cuda_tiled_shared,5,2,2,0,1048576,0,0.692383992672,0.00278513716639,3.67120637894,0.00279508921399,0.32764160037,0.00167569145621,4.7012928009,0.00450638265255,4.709769,0.00426136217688,4.2152,0.94231043717,8.322981,584.953126123,456.785769137,1,1.71661376953e-05,1.23977661133e-05,1048576,Tesla T4,7.5,Native CUDA tiled kernel; 16x16 blocking and shared-memory reuse.
1024,float,cublas_sgemm,5,2,2,0,1048576,0,0.699046421051,0.00414720151895,0.531155204773,0.00205326052728,0.326592004299,0.00308085399583,1.56698877811,0.00163325682214,1.5760086,0.00256275863851,15.1642,2.28728340177,22.116798,4043.04359385,1370.45247419,1,8.39233398438e-05,3.04952263832e-05,1048576,Tesla T4,7.5,Native cuBLAS SGEMM; pedantic FP32 math mode for reproducible verification.
1024,float,cusparse_spmm_fp32,5,2,2,0,1048576,0,1.0551615715,0.0149648611367,4.26784000397,0.00436687354364,0.325996798277,0.00128870476225,5.65871353149,0.0138216734854,5.6670366,0.0138353698698,10.8952,1.8732840041,25.408803,503.178105553,379.500329191,1,8.39233398438e-05,2.7634203434e-05,1048576,Tesla T4,7.5,"Native cuSPARSE CSR-by-dense SpMM in FP32. Host dense-to-CSR conversion is reported in setup_ms, not in CUDA-event total time."
64,double,cpu_naive,5,2,2,0,4096,0,0,0,0.2337344,0.0119290688924,0,0,0,0,0.2337344,0.0119290688924,0,0,0,2.24309301498,2.24309301498,1,0,0,4096,Tesla T4,7.5,Native scalar triple-loop CPU implementation.
64,double,cpu_blocked_mt,5,2,2,0,4096,0,0,0,0.274223,0.0535706652973,0,0,0,0,0.274223,0.0535706652973,0,0,0,1.91190381551,1.91190381551,1,0,0,4096,Tesla T4,7.5,Native blocked multi-threaded CPU implementation using std::thread; no BLAS library.
64,double,cuda_naive,5,2,2,0,4096,0,0.0192639997229,0.00501671834267,0.0178880000487,0.00253709775186,0.00605440000072,0.000397315788785,0.0528896003962,0.00293999011448,0.0599516,0.00289523896078,3.5776,1.7011786032,1.182659,29.3094811367,9.91287504676,1,2.6645352591e-15,2.06779038336e-15,4096,Tesla T4,7.5,Native CUDA one-thread-per-output-element kernel.
64,double,cuda_tiled_shared,5,2,2,0,4096,0,0.0151487998664,0.00313290258146,0.0212607998401,0.00210116957505,0.0126207999885,4.3407022709e-05,0.0589887991548,0.0010552435062,0.0660958,0.00100556439873,2.9306,0.33000521208,0.799508,24.6598436533,8.88792461471,1,2.6645352591e-15,2.06779038336e-15,4096,Tesla T4,7.5,Native CUDA tiled kernel; 16x16 blocking and shared-memory reuse.
64,double,cublas_dgemm,5,2,2,0,4096,0,0.016659199819,0.00391738519615,0.140160000324,0.000972502032756,0.0135871998966,0.000187247805926,0.179833599925,0.00298883151233,0.1870456,0.00291305349076,6.7164,0.363629261749,20.349611,3.74063926075,2.91540624343,1,2.6645352591e-15,2.06779038336e-15,4096,Tesla T4,7.5,Native cuBLAS DGEMM.
64,double,cusparse_spmm_fp64,5,2,2,0,4096,0,0.0200576003641,0.000896548637973,0.0273664001375,0.00181069087737,0.00727679999545,0.000308663331034,0.0644864007831,0.00202703302001,0.0718414,0.00183807699512,8.3602,0.234881587188,6.867658,19.1580915782,8.13021030223,1,6.2172489379e-15,2.60902410787e-15,4096,Tesla T4,7.5,"Native cuSPARSE CSR-by-dense SpMM in FP64. Host dense-to-CSR conversion is reported in setup_ms, not in CUDA-event total time."
128,double,cpu_naive,5,2,2,0,16384,0,0,0,2.3526998,0.0652112136044,0,0,0,0,2.3526998,0.0652112136044,0,0,0,1.78276208465,1.78276208465,1,0,0,16384,Tesla T4,7.5,Native scalar triple-loop CPU implementation.
128,double,cpu_blocked_mt,5,2,2,0,16384,0,0,0,0.9653108,0.0369748866633,0,0,0,0,0.9653108,0.0369748866633,0,0,0,4.34502960083,4.34502960083,1,0,0,16384,Tesla T4,7.5,Native blocked multi-threaded CPU implementation using std::thread; no BLAS library.
128,double,cuda_naive,5,2,2,0,16384,0,0.0336895998567,0.00362854583298,0.0419647991657,0.00250987700527,0.0146496001631,0.00308705639342,0.0998399987817,0.00534083771798,0.1071758,0.00567548388774,2.6918,0.521334595054,1.099395,99.9481490055,42.0102569229,1,8.881784197e-15,4.21884749358e-15,16384,Tesla T4,7.5,Native CUDA one-thread-per-output-element kernel.
128,double,cuda_tiled_shared,5,2,2,0,16384,0,0.0335487995297,0.00342197183497,0.0423104003072,0.00236067185592,0.0147968001664,0.00314562452562,0.100076802075,0.000802070427889,0.107482,0.00121589489677,3.0196,0.635670543599,0.826459,99.1317493937,41.9108515964,1,8.881784197e-15,4.21884749358e-15,16384,Tesla T4,7.5,Native CUDA tiled kernel; 16x16 blocking and shared-memory reuse.
128,double,cublas_dgemm,5,2,2,0,16384,0,0.0300223995,3.73183762854e-05,0.14561920166,0.00218451039128,0.0155456000939,0.000570067361679,0.200851199031,0.00215259231085,0.208412,0.00220919478544,14.3746,2.63151732656,19.443104,28.8032344099,20.8826435702,1,1.24344978758e-14,4.66293670343e-15,16384,Tesla T4,7.5,Native cuBLAS DGEMM.
128,double,cusparse_spmm_fp64,5,2,2,0,16384,0,0.039552000165,0.000534312925666,0.0542912006378,0.00303495052446,0.0201472003013,0.000371310478213,0.123577599227,0.00368916379304,0.1307482,0.00361538215961,8.0886,0.374666037959,7.202858,77.2556869387,33.9406496503,1,1.24344978758e-14,6.32827124036e-15,16384,Tesla T4,7.5,"Native cuSPARSE CSR-by-dense SpMM in FP64. Host dense-to-CSR conversion is reported in setup_ms, not in CUDA-event total time."
256,double,cpu_naive,5,2,2,0,65536,0,0,0,21.0611322,1.03992578625,0,0,0,0,21.0611322,1.03992578625,0,0,0,1.59319222164,1.59319222164,1,0,0,65536,Tesla T4,7.5,Native scalar triple-loop CPU implementation.
256,double,cpu_blocked_mt,5,2,2,0,65536,0,0,0,6.4595706,0.322752004603,0,0,0,0,6.4595706,0.322752004603,0,0,0,5.19452980358,5.19452980358,1,0,0,65536,Tesla T4,7.5,Native blocked multi-threaded CPU implementation using std::thread; no BLAS library.
256,double,cuda_naive,5,2,2,0,65536,0,0.0929279997945,0.000196221778493,0.230847999454,0.00138409081831,0.0492415994406,0.00312732806633,0.382617598772,0.00384343198687,0.3905124,0.00364754561863,3.4596,0.490395187578,1.237522,145.352925212,87.6970429685,1,1.24344978758e-14,7.1054273576e-15,65536,Tesla T4,7.5,Native CUDA one-thread-per-output-element kernel.
256,double,cuda_tiled_shared,5,2,2,0,65536,0,0.0933568000793,0.00101407370571,0.230399996042,0.00101617010644,0.0488384000957,0.00291353985263,0.382419198751,0.0031648936861,0.3903568,0.00354754198847,3.9804,1.46465417079,0.935567,145.635558057,87.74254041,1,1.24344978758e-14,7.1054273576e-15,65536,Tesla T4,7.5,Native CUDA tiled kernel; 16x16 blocking and shared-memory reuse.
256,double,cublas_dgemm,5,2,2,0,65536,0,0.0953343987465,0.00309037146443,0.276217597723,0.00256986118425,0.0465215995908,0.000285786543422,0.427686399221,0.00501991140368,0.4349612,0.00493817899231,13.2462,2.61904970552,19.406778,121.478255827,78.4556910416,1,2.84217094304e-14,1.11299858219e-14,65536,Tesla T4,7.5,Native cuBLAS DGEMM.
256,double,cusparse_spmm_fp64,5,2,2,0,65536,0,0.11938560009,0.000619973046233,0.257139194012,0.00196965874325,0.043590400368,0.000223908341071,0.429465597868,0.00270943450924,0.4366802,0.00266933665169,8.9578,0.412143373112,7.264511,130.491316693,78.1306632396,1,2.84217094304e-14,1.31006316906e-14,65536,Tesla T4,7.5,"Native cuSPARSE CSR-by-dense SpMM in FP64. Host dense-to-CSR conversion is reported in setup_ms, not in CUDA-event total time."
512,double,cpu_naive,5,2,2,0,262144,0,0,0,435.8757104,1.24206841201,0,0,0,0,435.8757104,1.24206841201,0,0,0,0.615853211352,0.615853211352,1,0,0,262144,Tesla T4,7.5,Native scalar triple-loop CPU implementation.
512,double,cpu_blocked_mt,5,2,2,0,262144,0,0,0,50.6668752,1.01006847348,0,0,0,0,50.6668752,1.01006847348,0,0,0,5.29804640488,5.29804640488,1,0,0,262144,Tesla T4,7.5,Native blocked multi-threaded CPU implementation using std::thread; no BLAS library.
512,double,cuda_naive,5,2,2,0,262144,0,0.355359995365,0.00345747519145,3.02541437149,0.00152947648195,0.166047999263,0.00294184550826,3.55736956596,0.00401168792707,3.565774,0.0037120032864,4.3394,1.09771446196,3.699666,88.7268397115,75.458973554,1,2.48689957516e-14,1.11022302463e-14,262144,Tesla T4,7.5,Native CUDA one-thread-per-output-element kernel.
512,double,cuda_tiled_shared,5,2,2,0,262144,0,0.361708790064,0.00792134411486,3.0100672245,0.00103761394913,0.168972802162,0.00282026351702,3.55142397881,0.00953589034607,3.5661034,0.00970447054907,10.2126,0.746727420147,3.936853,89.179222914,75.5853025721,1,2.48689957516e-14,1.11022302463e-14,262144,Tesla T4,7.5,Native CUDA tiled kernel; 16x16 blocking and shared-memory reuse.
512,double,cublas_dgemm,5,2,2,0,262144,0,0.361721599102,0.00829896093472,3.68789763451,0.00305573260207,0.167257595062,0.00226540040394,4.22712955475,0.00905104176115,4.2359098,0.00826724443581,21.5316,6.9966472142,21.144342,72.7882068874,63.503011328,1,6.03961325396e-14,2.59792187762e-14,262144,Tesla T4,7.5,Native cuBLAS DGEMM.
512,double,cusparse_spmm_fp64,5,2,2,0,262144,0,0.440774393082,0.000383146443505,3.44900484085,0.00174240037844,0.167187201977,0.000790498160544,4.06734075546,0.00212347394963,4.0754978,0.00208403564407,10.1864,0.76457533311,12.254154,77.8298287148,65.997778927,1,6.03961325396e-14,2.32730970003e-14,262144,Tesla T4,7.5,"Native cuSPARSE CSR-by-dense SpMM in FP64. Host dense-to-CSR conversion is reported in setup_ms, not in CUDA-event total time."
768,double,cpu_naive,5,2,2,0,589824,0,0,0,1468.87345,40.5442954246,0,0,0,0,1468.87345,40.5442954246,0,0,0,0.616778568637,0.616778568637,1,0,0,589824,Tesla T4,7.5,Native scalar triple-loop CPU implementation.
768,double,cpu_blocked_mt,5,2,2,0,589824,0,0,0,169.6220274,1.2186040328,0,0,0,0,169.6220274,1.2186040328,0,0,0,5.34110856878,5.34110856878,1,0,0,589824,Tesla T4,7.5,Native blocked multi-threaded CPU implementation using std::thread; no BLAS library.
768,double,cuda_naive,5,2,2,0,589824,0,0.787801599503,0.00261785929218,10.0779073715,0.00186013370957,0.370438396931,0.00779017648318,11.2464509964,0.00867059742685,11.2622388,0.0103796282452,12.3608,5.01054337971,7.767271,89.8966055751,80.5560495742,1,2.48689957516e-14,1.76525460915e-14,589824,Tesla T4,7.5,Native CUDA one-thread-per-output-element kernel.
768,double,cuda_tiled_shared,5,2,2,0,589824,0,0.782207989693,0.0037871942151,7.77435522079,0.801671978014,0.367680001259,0.00195645445269,8.93488006592,0.799420146225,8.944659,0.798676993778,4.435,1.53349887512,6.838517,116.53309352,101.396958584,1,2.48689957516e-14,1.76525460915e-14,589824,Tesla T4,7.5,Native CUDA tiled kernel; 16x16 blocking and shared-memory reuse.
768,double,cublas_dgemm,5,2,2,0,589824,0,0.787942397594,0.00952871366252,7.95950727463,0.00254121399962,0.367980796099,0.00183062559482,9.12557449341,0.00749427219029,9.1370066,0.00820715803696,21.5214,7.45977360514,24.981761,113.822330044,99.2780963713,1,2.48689957516e-14,1.76525460915e-14,589824,Tesla T4,7.5,Native cuBLAS DGEMM.
768,double,cusparse_spmm_fp64,5,2,2,0,589824,0,0.983206403255,0.00737910846771,5.82109441757,0.631135013465,0.367392003536,0.00178226505255,7.18134412766,0.637281575432,7.1909172,0.637531722298,15.396,4.29030054891,24.60106,155.635624336,126.156001982,1,8.881784197e-14,3.87467835594e-14,589824,Tesla T4,7.5,"Native cuSPARSE CSR-by-dense SpMM in FP64. Host dense-to-CSR conversion is reported in setup_ms, not in CUDA-event total time."
1024,double,cpu_blocked_mt,5,2,2,0,1048576,0,0,0,420.3123034,16.5128828913,0,0,0,0,420.3123034,16.5128828913,0,0,0,5.10925716575,5.10925716575,1,0,0,1048576,Tesla T4,7.5,Native blocked multi-threaded CPU implementation using std::thread; no BLAS library.
1024,double,cuda_naive,5,2,2,0,1048576,0,1.37856001854,0.00843533229714,21.6710336685,4.24908536534,0.648396801949,0.00205185448927,23.7080768585,4.24207068232,23.7188106,4.24266060424,7.9012,0.997948776241,14.19264,99.09465699,90.5802550251,1,3.5527136788e-14,2.18713935851e-14,1048576,Tesla T4,7.5,Native CUDA one-thread-per-output-element kernel.
1024,double,cuda_tiled_shared,5,2,2,0,1048576,0,1.37292797565,0.00128401728726,12.1666173935,0.150346427028,0.644646394253,0.00205232974725,14.1933439255,0.150141428206,14.2018242,0.149681107527,4.8112,1.36834270561,13.177446,176.506220139,151.302163836,1,3.5527136788e-14,2.18713935851e-14,1048576,Tesla T4,7.5,Native CUDA tiled kernel; 16x16 blocking and shared-memory reuse.
1024,double,cublas_dgemm,5,2,2,0,1048576,0,1.38299520016,0.0118006104383,13.9088830948,1.43129932723,0.645555198193,0.000809429430117,15.9466749191,1.42597573323,15.955566,1.42651936837,16.112,5.27839494544,28.773521,154.396556026,134.666547032,1,3.5527136788e-14,2.18713935851e-14,1048576,Tesla T4,7.5,Native cuBLAS DGEMM.
1024,double,cusparse_spmm_fp64,5,2,2,0,1048576,0,1.73215358257,0.0207809924437,11.030783844,0.149334092647,0.647801589966,0.00569267473553,13.419852829,0.144394259347,13.429609,0.143535068203,16.195,4.05386748673,31.73743,194.680965412,160.022891113,1,1.27897692437e-13,5.72875080707e-14,1048576,Tesla T4,7.5,"Native cuSPARSE CSR-by-dense SpMM in FP64. Host dense-to-CSR conversion is reported in setup_ms, not in CUDA-event total time."
